"","Estimate","Std. Error","t value","Pr(>|t|)","model"
"(Intercept)",694.043817296374,56.3989854237251,12.3059628126646,1.68648936870089e-29,"Linear"
"percent_relevance",-140.708799274055,25.5495074172962,-5.50729988550775,6.74504287919366e-08,"Linear"
"(Intercept)1",598.135996484389,38.3620934028573,15.5918497513444,1.12847050160229e-42,"Logarithmic"
"log(percent_relevance)",-372.751048856405,53.0128403213391,-7.03133517459094,9.62885758948586e-12,"Logarithmic"
"(Intercept)2",886.381465002875,79.7023255244829,11.1211493412522,4.86329731591387e-25,"Quadratic"
"percent_relevance1",-307.392729464308,55.5074615143294,-5.53786321835225,5.75113929902102e-08,"Quadratic"
"I(percent_relevance^2)",23.2972152208329,6.91215045371747,3.37047281838365,0.000827954288660287,"Quadratic"
