"MAE","RMSE","R2"
52.625,58.4738202104155,-2.60011861102784
